ID,Aspect,Category,Opinion,Gold_VA,Pred_VA,cTP_score,VA_distance
rest16_quad_train_1081,food,food#quality,luke warm,5.40#5.90,7.07#7.21,0.8123958622524546,0.18760413774754536
rest16_quad_test_529,null,service#general,null,5.00#5.00,4.72#5.26,0.9662268597847342,0.033773140215265784
rest16_quad_test_370,scallops,food#quality,tasty,7.25#7.38,7.42#7.48,0.9825670928987733,0.01743290710122669
rest16_quad_train_409,shabu - shabu restaurant,restaurant#general,best,7.80#8.00,7.82#7.88,0.9892470934161967,0.010752906583803346
rest16_quad_train_610,null,service#general,null,4.75#5.50,4.91#5.25,0.9737648851727309,0.026235114827269146
rest16_quad_test_248,food,food#quality,ok,6.00#5.75,5.40#5.47,0.9414765004464019,0.058523499553598146
rest16_quad_train_1468,food,food#quality,fabulous,7.88#7.88,7.93#8.05,0.9843375448923228,0.015662455107677165
rest16_quad_train_1468,front of house staff,service#general,null,4.88#4.75,5.41#5.56,0.914441175206762,0.08555882479323795
rest16_quad_train_635,mare,restaurant#general,best,7.90#7.50,7.70#7.76,0.971006466238142,0.02899353376185798
rest16_quad_train_10,wine list,drinks#style_options,interesting,7.00#7.00,7.64#7.73,0.9141904361390876,0.08580956386091243
rest16_quad_train_969,null,restaurant#general,null,4.33#5.17,5.11#5.33,0.9296215586987038,0.07037844130129622
rest16_quad_train_885,food,food#quality,not fresh,3.50#5.50,2.49#7.03,0.8379573744349963,0.1620426255650037
rest16_quad_train_885,sauces,food#quality,bland,3.33#5.33,2.86#6.20,0.9125982694679333,0.08740173053206668
rest16_quad_train_943,null,service#general,null,5.00#5.00,4.90#5.29,0.9728862350456452,0.027113764954354802
rest16_quad_train_74,null,restaurant#general,disappointment,2.67#7.33,5.59#6.71,0.7361522692915476,0.26384773070845235
rest16_quad_train_776,ginger house,restaurant#general,always good,7.50#7.62,6.93#7.01,0.9262076392842727,0.07379236071572726
rest16_quad_test_167,food,food#quality,always freshly prepared,7.83#8.00,7.59#7.62,0.9602743785448232,0.039725621455176774
rest16_quad_train_1063,lobster,food#quality,good,6.25#6.50,6.79#6.88,0.9416369123503563,0.05836308764964371
rest16_quad_train_685,null,location#general,null,4.67#5.33,4.87#5.27,0.9815439711747083,0.018456028825291737
rest16_quad_train_1308,dinner,food#prices,null,4.83#5.33,4.74#5.31,0.9918509969934967,0.008149003006503341
rest16_quad_train_726,margheritta slice,food#quality,awsome,7.88#7.88,7.57#7.59,0.962479172450491,0.03752082754950903
rest16_quad_train_762,food,food#quality,excellent,8.25#8.38,7.97#8.06,0.9624167590540676,0.03758324094593235
rest16_quad_train_268,atmosphere,ambience#general,noisy,3.67#6.50,3.07#6.42,0.9464976636024183,0.05350233639758173
rest16_quad_train_1137,veal,food#quality,incredible,8.00#7.83,7.94#7.97,0.9865370879821638,0.013462912017836226
rest16_quad_test_75,food,food#quality,mediocre,5.38#5.25,5.54#6.14,0.9200732757458433,0.0799267242541567
rest16_quad_train_125,food,food#quality,null,6.38#6.50,5.21#5.45,0.8610474451476333,0.13895255485236668
rest16_quad_train_1318,null,restaurant#miscellaneous,null,5.00#5.00,5.08#5.33,0.9699869819911425,0.030013018008857473
rest16_quad_train_22,service,service#general,excellent,8.00#8.25,7.98#8.04,0.9813544576372796,0.018645542362720424
rest16_quad_train_22,decor,ambience#general,cool,7.75#8.00,7.47#7.47,0.9470185763686931,0.05298142363130687
rest16_quad_train_775,pad se ew chicken,food#quality,delicious,7.75#7.75,7.55#7.53,0.9737202549479642,0.026279745052035786
rest16_quad_dev_104,big wong,restaurant#general,great,7.38#7.62,7.46#7.53,0.989356633521296,0.010643366478704008
rest16_quad_train_263,yellowtail,food#quality,particularly good,7.12#7.00,6.86#6.98,0.9769511388567678,0.023048861143232235
rest16_quad_train_207,decor,ambience#general,vibrant,7.67#7.67,7.73#7.72,0.9930966493642579,0.0069033506357421
rest16_quad_train_1206,food,food#quality,flavorful,7.50#8.00,7.36#7.61,0.9633747866900411,0.03662521330995894
rest16_quad_train_1440,salmon,food#quality,fishy,1.50#8.67,3.32#6.10,0.72164966993014,0.27835033006986
rest16_quad_train_1440,salmon,food#quality,dry,1.50#8.67,3.04#6.20,0.7427230942155905,0.25727690578440954
rest16_quad_train_1440,salmon,food#quality,bland,1.50#8.67,3.18#6.13,0.7308288184073191,0.26917118159268094
rest16_quad_train_1444,null,food#quality,completely inedible,3.00#5.00,1.82#8.07,0.7092936941688399,0.2907063058311601
rest16_quad_test_36,fish,food#quality,excellent,8.38#8.38,8.01#8.08,0.9578970755172517,0.04210292448274833
rest16_quad_train_952,music,ambience#general,good,7.33#7.33,7.01#7.13,0.9666458398396841,0.03335416016031589
rest16_quad_train_952,food,food#quality,great,7.67#7.67,7.56#7.61,0.9889249717833316,0.011075028216668392
rest16_quad_train_952,service,service#general,speedy,7.67#7.50,6.97#7.08,0.927845651551691,0.07215434844830904
rest16_quad_train_844,porcini mushroom pasta special,food#quality,tasteless,2.50#7.33,4.59#6.27,0.7928674186662079,0.2071325813337921
rest16_quad_train_844,seafood tagliatelle,food#quality,tasteless,2.33#7.17,5.84#6.54,0.6847991711622573,0.3152008288377427
rest16_quad_train_376,staff,service#general,friendliest,7.38#7.25,6.98#7.52,0.9573440361731211,0.04265596382687886
rest16_quad_train_980,areo,restaurant#general,enjoyable,7.62#7.75,7.58#7.59,0.9854226202628867,0.01457737973711326
rest16_quad_dev_27,restaurant,restaurant#general,fresh,7.38#7.00,7.61#7.68,0.9365509554839476,0.06344904451605238
rest16_quad_dev_27,restaurant,restaurant#general,amazing,7.75#7.50,7.91#7.93,0.9594471795062292,0.04055282049377085
rest16_quad_dev_27,food,food#quality,delicious,7.38#7.12,7.85#7.89,0.9202641078309147,0.07973589216908528
rest16_quad_train_405,place,restaurant#general,totally overrated,3.83#5.17,3.13#6.09,0.897820623411571,0.10217937658842902
rest16_quad_train_275,null,restaurant#general,null,5.62#5.38,5.09#5.32,0.9528549445858847,0.04714505541411529
rest16_quad_train_1006,service,service#general,good,7.17#7.00,6.79#6.86,0.9642054473418091,0.03579455265819087
rest16_quad_train_662,wait staff,service#general,kind,7.25#7.25,7.40#7.47,0.9764647870202966,0.0235352129797034
rest16_quad_train_374,food,food#quality,great,7.00#7.17,7.43#7.53,0.9504315498527541,0.04956845014724587
rest16_quad_test_392,null,restaurant#general,null,5.90#5.80,5.25#5.41,0.932999533583713,0.06700046641628699
rest16_quad_train_1408,place,restaurant#general,null,4.17#4.83,5.17#5.41,0.897820623411571,0.10217937658842902
rest16_quad_train_394,fish,food#quality,quality,7.75#7.88,7.59#7.64,0.974504902432036,0.025495097567963976
rest16_quad_train_394,service,service#general,great,7.50#7.62,7.46#7.56,0.993626225608009,0.0063737743919910494
rest16_quad_dev_35,pizza,food#quality,excellent,8.17#8.17,8.02#8.09,0.9849739808997858,0.015026019100214172
rest16_quad_dev_35,wine,drinks#quality,excellent,8.17#8.17,8.02#8.09,0.9849739808997858,0.015026019100214172
rest16_quad_dev_35,service,service#general,excellent,8.17#8.17,8.02#8.09,0.9849739808997858,0.015026019100214172
rest16_quad_train_431,food,food#quality,delicious,7.25#7.25,7.77#7.76,0.9356219660909096,0.06437803390909036
rest16_quad_train_431,dishes,food#quality,never a disappointment,7.00#7.00,5.74#6.78,0.8869458094540499,0.11305419054595012
rest16_quad_dev_2,sake list,drinks#style_options,extensive,7.83#8.00,6.63#6.95,0.859062846452754,0.140937153547246
rest16_quad_dev_2,null,service#general,null,5.00#5.00,5.05#5.35,0.96875,0.03125
rest16_quad_train_1333,service,service#general,not the friendliest,2.90#5.75,5.42#7.75,0.7156366760638777,0.2843633239361223
rest16_quad_test_299,pizza,food#quality,delicious,7.75#7.38,7.95#7.97,0.9449361166462081,0.055063883353791865
rest16_quad_test_299,salads,food#quality,fantastic,7.88#7.75,7.97#8.07,0.9706183518161421,0.02938164818385791
rest16_quad_train_31,food,food#quality,awesome,8.12#7.88,7.82#7.94,0.9729583654340201,0.027041634565979855
rest16_quad_train_1162,mens bathroom,ambience#general,disgusting,1.17#8.83,1.81#8.13,0.916166086814464,0.08383391318553601
rest16_quad_train_44,null,restaurant#general,null,5.80#5.70,5.11#5.38,0.9327725409523757,0.06722745904762428
rest16_quad_train_386,service,service#general,slow,3.00#6.40,3.43#5.75,0.9311137713327257,0.06888622866727434
rest16_quad_train_1405,food,food#quality,very good,7.25#7.38,6.94#6.99,0.9559652126154787,0.04403478738452127
rest16_quad_test_515,null,service#general,null,4.88#4.88,4.85#5.24,0.968069900563888,0.031930099436112025
rest16_quad_test_10,meal,food#quality,delicious,7.83#7.83,7.89#7.89,0.9925,0.007499999999999951
rest16_quad_train_593,lobster sandwich,food#quality,fantastic,8.25#8.50,7.95#8.06,0.9529295740405932,0.0470704259594068
rest16_quad_train_201,traditional french decour,ambience#general,pleasant,7.83#7.50,7.70#7.67,0.9810840675619731,0.018915932438026917
rest16_quad_train_201,hall,ambience#general,rather noisy,2.67#6.83,3.11#6.55,0.9539022777135355,0.04609772228646447
rest16_quad_train_637,pizzas,food#quality,terrific,7.50#7.50,7.16#7.90,0.9535982220168235,0.04640177798317646
rest16_quad_train_558,staff,service#general,really stressed,3.83#5.33,4.72#5.75,0.913014907886466,0.086985092113534
rest16_quad_train_558,staff,service#general,nice,6.83#7.00,6.90#6.86,0.9861650352367634,0.013834964763236646
rest16_quad_train_1090,service,service#general,pleasant,7.67#7.50,7.75#7.80,0.9725568769998748,0.02744312300012519
rest16_quad_train_1090,service,service#general,effective,7.50#7.50,7.52#7.65,0.9866244159006046,0.013375584099395432
rest16_quad_train_1090,service,service#general,unassuming,7.33#7.33,7.48#7.62,0.971141509048462,0.02885849095153803
rest16_quad_train_1170,waitress,service#general,null,5.00#5.00,4.66#5.30,0.9599219511452965,0.04007804885470345
rest16_quad_train_1228,chilli chicken,food#quality,very spicy,4.17#6.17,5.33#6.46,0.8943139969059289,0.10568600309407106
rest16_quad_test_131,place,restaurant#general,null,4.50#5.00,4.99#5.45,0.9411968325683046,0.05880316743169545
rest16_quad_train_1418,atmosphere,ambience#general,great,8.00#8.00,7.35#7.42,0.9230006087686402,0.07699939123135979
rest16_quad_test_289,food,food#quality,good,6.50#6.25,6.78#6.91,0.9366310407218171,0.06336895927818287
rest16_quad_train_298,food,food#quality,delicious,7.83#7.83,7.94#8.02,0.980594781629675,0.01940521837032505
rest16_quad_train_219,server,service#general,really cool,7.25#7.50,7.00#7.03,0.9529461744382033,0.047053825561796714
rest16_quad_dev_96,pad thai,food#quality,best,7.75#8.00,7.92#7.97,0.9847418054803329,0.015258194519667145
rest16_quad_train_1461,null,restaurant#general,null,3.83#4.50,5.10#5.32,0.8663814898676085,0.13361851013239145
rest16_quad_test_83,ambiance,ambience#general,peaceful,7.83#7.50,6.39#7.04,0.8663844133343718,0.13361558666562823
rest16_quad_test_221,service,service#general,null,4.62#5.12,4.85#5.30,0.9741851544649208,0.02581484553507918
rest16_quad_test_282,9 oz steak,food#quality,great,7.50#7.67,7.38#7.45,0.9778499435666633,0.022150056433336673
rest16_quad_dev_155,family seafood entree,food#quality,very good,7.67#7.33,7.17#7.30,0.9557263481289379,0.044273651871062136
rest16_quad_dev_18,jekyll and hyde,restaurant#general,great,7.75#7.88,7.62#7.80,0.9865081042844231,0.013491895715576852
rest16_quad_train_1288,service,service#general,sadly,3.00#6.00,3.15#6.30,0.9703536469359214,0.02964635306407859
rest16_quad_test_476,null,food#quality,delicious,8.00#8.00,7.89#7.90,0.9868601274739821,0.013139872526017893
rest16_quad_test_476,null,ambience#general,welcoming,8.00#8.00,7.77#7.80,0.9730596724221846,0.026940327577815393
rest16_quad_test_476,null,ambience#general,relaxing,8.00#8.00,7.72#7.72,0.965,0.03500000000000003
rest16_quad_train_1166,bread,food#quality,horrible,1.67#8.67,2.00#7.87,0.9235096002755901,0.07649039972440985
rest16_quad_train_742,food,food#quality,yummy,7.50#8.00,7.55#7.56,0.960858829220372,0.039141170779627976
rest16_quad_train_732,null,restaurant#general,null,5.00#5.00,5.24#5.40,0.9587689437438234,0.041231056256176624
rest16_quad_dev_65,food,food#quality,wonderful,7.75#7.75,7.75#7.84,0.9920450487116513,0.007954951288348666
rest16_quad_dev_65,staff,service#general,wonderful,7.75#7.75,7.73#7.82,0.9935652311618831,0.006434768838116889
rest16_quad_dev_65,mileau,ambience#general,wonderful,7.75#7.75,7.73#7.80,0.9952401418088351,0.004759858191164867
rest16_quad_test_19,italian food,food#quality,fabulous,8.17#8.50,7.98#8.08,0.9592549849674835,0.040745015032516485
rest16_quad_train_836,food,food#quality,exceptional,7.83#8.00,7.75#7.81,0.9817782753286084,0.018221724671391604
rest16_quad_dev_128,quesadilla,food#quality,null,4.67#4.67,4.96#5.34,0.9354704525042985,0.0645295474957015
rest16_quad_train_1088,seafood dynamite,food#quality,otherworldly,8.12#8.38,7.48#7.75,0.9206225394082175,0.07937746059178252
rest16_quad_dev_161,food,food#quality,null,5.00#5.00,5.01#5.44,0.9610990842010114,0.03890091579898858
rest16_quad_train_1294,null,restaurant#prices,costly,1.67#8.17,4.64#7.53,0.7314608385169865,0.2685391614830135
rest16_quad_train_601,food,food#quality,great,7.33#7.50,7.62#7.67,0.9702878391899882,0.029712160810011823
rest16_quad_train_601,service,service#general,great,7.17#7.33,7.62#7.65,0.9511939424866134,0.048806057513386625
rest16_quad_train_601,setting,ambience#general,unpretensious,7.50#7.67,7.85#7.91,0.9624895847796908,0.03751041522030918
rest16_quad_train_725,null,restaurant#general,null,4.00#5.00,5.21#5.40,0.8873577288492459,0.11264227115075409
rest16_quad_train_462,food,food#quality,awsome,8.00#8.00,6.78#7.09,0.8654724702895352,0.13452752971046478
rest16_quad_train_107,null,food#prices,null,5.00#5.00,4.95#5.30,0.9731177335404918,0.026882266459508197
rest16_quad_train_107,toppings,food#prices,null,5.25#5.38,5.05#5.41,0.9821245629424061,0.017875437057593868
rest16_quad_train_929,sushi,food#quality,good,7.50#7.50,6.98#7.09,0.9414698261577843,0.058530173842215705
rest16_quad_test_322,restaurant,restaurant#general,delightful,7.83#8.00,7.87#7.94,0.9936262256080091,0.006373774391990938
rest16_quad_train_242,tuna,food#quality,soggy,3.67#5.17,3.20#6.31,0.8910096047809717,0.10899039521902831
rest16_quad_test_227,pizza,food#quality,love,7.00#7.12,7.54#7.60,0.9361398011277761,0.06386019887222394
rest16_quad_train_16,chow fun,food#quality,dry,3.25#6.50,3.00#6.15,0.9619827341856362,0.03801726581436382
rest16_quad_train_16,pork shu mai,food#quality,greasy,3.25#6.75,2.53#7.40,0.9142633027811311,0.0857366972188689
rest16_quad_train_442,wine choices,drinks#style_options,very good,6.88#7.12,7.19#7.29,0.96875,0.03125
rest16_quad_train_42,food,food#quality,great,7.88#7.75,7.39#7.44,0.94875,0.05125000000000002
rest16_quad_train_514,restaurant,restaurant#general,highly recommend,7.62#7.62,7.92#7.99,0.9578970755172518,0.042102924482748216
rest16_quad_train_1429,server,service#general,enhanced,7.50#7.62,7.58#7.62,0.9929289321881345,0.007071067811865506
rest16_quad_train_1307,chicken,food#quality,inedible,2.00#7.38,1.86#8.06,0.9386353114568321,0.0613646885431679
rest16_quad_train_1034,sushi,food#quality,reliable,7.00#6.88,7.74#7.83,0.8935626651498638,0.10643733485013618
rest16_quad_train_427,service,service#general,very good,7.38#7.38,6.74#6.88,0.9282147299231939,0.07178527007680613
rest16_quad_train_1296,wait,service#general,null,5.50#5.80,4.84#5.36,0.9298884816880992,0.07011151831190077
rest16_quad_train_110,null,restaurant#general,null,2.80#6.80,5.14#5.36,0.7571458771196173,0.24285412288038266
rest16_quad_train_1066,null,restaurant#general,null,4.83#5.00,5.18#5.39,0.9536824817158778,0.04631751828412223
rest16_quad_test_326,server,service#general,friendly,7.25#7.38,7.40#7.46,0.9849739808997858,0.015026019100214172
rest16_quad_test_326,server,service#general,very professional,7.75#7.88,7.59#7.64,0.974504902432036,0.025495097567963976
rest16_quad_test_92,food,food#quality,nice,6.83#7.00,7.06#7.02,0.979593965353357,0.020406034646643034
rest16_quad_test_27,food,food#quality,great,7.33#7.67,7.63#7.73,0.97295836543402,0.027041634565979966
rest16_quad_train_51,food,food#quality,well prepared,7.83#8.00,6.77#6.74,0.8544622042217211,0.14553779577827886
rest16_quad_train_51,service,service#general,impecable,8.00#8.17,6.60#6.84,0.8293189194726023,0.17068108052739772
rest16_quad_train_1474,staff,service#general,horrified,1.00#9.00,1.86#8.11,0.8906089297520131,0.10939107024798689
rest16_quad_train_747,suan,restaurant#general,great,7.33#7.50,7.55#7.61,0.9782593410863424,0.021740658913657618
rest16_quad_train_1434,palce,restaurant#general,null,3.50#5.80,5.10#5.41,0.8544380501298503,0.1455619498701497
rest16_quad_train_149,moules,food#quality,excellent,8.17#8.00,7.98#8.10,0.9810222169366388,0.018977783063361175
rest16_quad_train_149,lobster ravioli,food#quality,very salty,2.67#7.50,6.91#7.60,0.6251291889197026,0.3748708110802974
rest16_quad_train_553,wine list,drinks#style_options,really nice,7.50#7.62,7.20#7.11,0.9477012786963199,0.052298721303680074
rest16_quad_train_266,big wong,restaurant#general,fine,7.00#6.88,7.26#7.27,0.9585704664520587,0.04142953354794132
rest16_quad_train_1470,waiters,service#general,fantastic,8.17#8.33,7.85#8.05,0.9624167590540678,0.03758324094593224
rest16_quad_train_1470,fish dishes,food#quality,exceptional,8.17#8.67,7.85#7.98,0.9327725409523757,0.06722745904762428
rest16_quad_train_1049,null,restaurant#general,null,5.50#5.50,5.16#5.36,0.9675,0.03249999999999997
rest16_quad_train_400,lox,food#quality,always fresh,7.12#6.00,7.39#7.48,0.8670262008890472,0.13297379911095275
rest16_quad_dev_99,food,food#quality,good,6.83#6.83,6.87#6.96,0.9879778849614554,0.012022115038544556
rest16_quad_train_1100,place,restaurant#general,bad,2.67#6.67,2.72#6.65,0.995240141808835,0.0047598581911649784
rest16_quad_train_1005,mussels,food#quality,fantastic,8.00#8.00,7.95#8.01,0.99549306090567,0.004506939094329976
rest16_quad_test_222,crab cakes,food#quality,best,6.88#6.50,7.85#7.91,0.8487293402539673,0.1512706597460327
rest16_quad_train_1289,service,service#general,just ok,6.00#5.50,5.40#5.34,0.9451137539997496,0.05488624600025038
rest16_quad_train_1289,null,restaurant#prices,null,5.00#5.00,4.94#5.25,0.9772754262966277,0.02272457370337233
rest16_quad_test_514,restaurant,restaurant#prices,astonished,7.75#8.38,3.01#6.62,0.5530904733617776,0.44690952663822237
rest16_quad_test_82,pumpkin ravioli,food#quality,loved,7.25#7.12,7.69#7.81,0.9276672187041035,0.07233278129589649
rest16_quad_test_82,goat cheese gnocchi,food#quality,loved,7.25#7.12,7.68#7.80,0.9288871934880925,0.07111280651190754
rest16_quad_train_485,svc,service#general,a bit rude,2.33#7.83,3.13#7.26,0.9131767240309374,0.08682327596906259
rest16_quad_train_485,restaurant,restaurant#general,must,7.50#7.67,7.59#7.79,0.9867417478527523,0.01325825214724774
rest16_quad_train_1494,hot dog,food#quality,elevated,7.83#7.67,7.56#7.74,0.9753461463458549,0.024653853654145075
rest16_quad_train_981,servers,service#general,very attentive,8.00#8.00,7.69#7.76,0.9653477093109273,0.03465229068907272
rest16_quad_train_981,servers,service#general,quite attractive,8.00#8.00,7.69#7.74,0.9642382012477001,0.0357617987522999
rest16_quad_train_981,servers,service#general,friendly,8.00#8.00,7.57#7.59,0.947485121156,0.05251487884399997
rest16_quad_train_647,mizu,restaurant#general,null,5.00#5.00,5.49#5.58,0.9328888515222694,0.06711114847773059
rest16_quad_train_774,interior decor,ambience#general,cute,7.17#7.50,6.92#6.96,0.9474033627500769,0.05259663724992314
rest16_quad_train_323,tables,ambience#general,crammed,3.00#5.50,3.21#5.76,0.9704592442547588,0.029540755745241176
rest16_quad_train_526,parmesan bruschetta,food#quality,winner,8.25#8.12,7.50#7.65,0.9217675738584058,0.0782324261415942
rest16_quad_train_319,place,restaurant#general,null,5.33#5.33,5.23#5.40,0.98921082718648,0.010789172813519987
rest16_quad_train_731,food,food#quality,reliable,6.88#6.88,7.35#7.38,0.9393460120849421,0.06065398791505794
rest16_quad_train_267,service,service#general,great,7.00#7.00,7.49#7.53,0.9362009992241258,0.06379900077587419
rest16_quad_train_878,service,service#general,friendly,7.17#7.00,7.04#7.16,0.9817782753286084,0.018221724671391604
rest16_quad_train_1407,food,food#quality,good,7.38#7.50,6.47#6.58,0.8856232923624745,0.1143767076375255
rest16_quad_dev_131,food,food#quality,amazing,8.00#8.17,7.98#8.10,0.9935652311618831,0.006434768838116889
rest16_quad_train_1485,meal,food#quality,best,8.00#7.62,7.93#8.04,0.9623648269566886,0.03763517304331143
rest16_quad_test_147,kafta plate,food#quality,enjoyed,7.25#7.38,7.78#7.88,0.935597699963433,0.064402300036567
rest16_quad_test_30,service,service#general,good,7.00#7.00,7.05#7.18,0.9834876939829714,0.016512306017028577
rest16_quad_train_1004,atmosphere,ambience#general,love,7.62#7.62,7.43#7.49,0.9796514742548753,0.02034852574512469
