ID,Aspect,Category,Opinion,Gold_VA,Pred_VA,cTP_semantic,VA_distance,combined_score
rest16_quad_test_233,breakfast,food#quality,great,7.62#7.38,7.48#7.58,0.9488082130750021,0.021578345627040082,0.927229867447962
rest16_quad_train_1081,food,food#quality,luke warm,5.40#5.90,7.07#7.21,1.0,0.1876041377475454,0.8123958622524546
rest16_quad_dev_96,pad thai,food#quality,best,7.75#8.00,7.92#7.97,1.0,0.015258194519667125,0.9847418054803329
rest16_quad_train_369,decor,ambience#general,very diner - ish,7.38#7.38,6.48#7.18,0.9340935746828715,0.08149003006503305,0.8526035446178384
rest16_quad_test_123,restaurant,restaurant#general,absolutely horrible,2.33#7.50,1.92#8.12,0.9794118404388428,0.06569936263008944,0.9137124778087533
rest16_quad_train_442,wine choices,drinks#style_options,very good,6.88#7.12,7.19#7.29,1.0,0.031250000000000035,0.96875
rest16_quad_test_83,ambiance,ambience#general,relaxing,7.67#7.50,6.39#7.04,0.9005081256230673,0.12022115038544592,0.7802869752376214
rest16_quad_test_83,ambiance,ambience#general,peaceful,7.83#7.50,6.39#7.04,1.0,0.13361558666562823,0.8663844133343718
rest16_quad_train_275,null,restaurant#general,null,5.62#5.38,5.09#5.32,1.0,0.04714505541411529,0.9528549445858847
rest16_quad_test_248,food,food#quality,ok,6.00#5.75,5.40#5.47,1.0,0.0585234995535981,0.9414765004464019
rest16_quad_test_248,food,food#prices,a bit pricey,3.50#5.50,3.76#5.97,0.9244162638982137,0.04747532253708232,0.8769409413611314
rest16_quad_train_732,null,restaurant#general,null,5.00#5.00,5.24#5.40,1.0,0.04123105625617664,0.9587689437438234
rest16_quad_test_392,null,restaurant#general,null,5.90#5.80,5.25#5.41,1.0,0.067000466416287,0.932999533583713
rest16_quad_train_514,restaurant,restaurant#general,highly recommend,7.62#7.62,7.92#7.99,1.0,0.04210292448274822,0.9578970755172518
rest16_quad_train_1434,palce,restaurant#general,null,3.50#5.80,5.10#5.41,1.0,0.14556194987014973,0.8544380501298503
rest16_quad_train_637,pizzas,food#quality,terrific,7.50#7.50,7.16#7.90,1.0,0.04640177798317648,0.9535982220168235
rest16_quad_test_30,food,food#quality,high quality,8.00#8.25,7.65#7.82,0.9093549251556396,0.04900573945978161,0.860349185695858
rest16_quad_test_30,service,service#general,good,7.00#7.00,7.05#7.18,1.0,0.016512306017028605,0.9834876939829714
rest16_quad_test_577,chips,food#quality,so yummy,7.17#7.50,7.87#7.91,0.9298165241877238,0.07170359997935949,0.8581129242083643
rest16_quad_test_577,salsa,food#quality,so yummy,7.17#7.50,7.87#7.91,0.9472838242848715,0.07170359997935949,0.875580224305512
rest16_quad_test_71,pieces,food#style_options,null,4.83#4.83,4.43#5.56,0.9359962741533915,0.07357500424736649,0.862421269906025
rest16_quad_train_74,null,restaurant#general,disappointment,2.67#7.33,5.59#6.71,0.999999980131785,0.2638477307084523,0.7361522494233328
rest16_quad_test_282,9 oz steak,food#quality,great,7.50#7.67,7.38#7.45,1.0,0.022150056433336673,0.9778499435666633
rest16_quad_train_662,wait staff,service#general,kind,7.25#7.25,7.40#7.47,1.0,0.02353521297970341,0.9764647870202966
rest16_quad_test_300,wait staff,service#general,very friendly,7.38#7.50,7.28#7.37,0.9790489276250204,0.014496766880928975,0.9645521607440914
rest16_quad_test_300,cooks,service#general,very friendly,7.50#7.62,7.27#7.37,0.9790489276250204,0.03002603037366081,0.9490228972513596
rest16_quad_train_323,tables,ambience#general,crammed,3.00#5.50,3.21#5.76,1.0,0.029540755745241162,0.9704592442547588
rest16_quad_train_323,menu,food#style_options,typical,5.50#5.50,6.58#6.70,0.9321425755818685,0.1426972319283034,0.7894453436535651
rest16_quad_train_323,wine list,drinks#prices,simply overpriced,3.50#5.50,2.58#6.89,0.9228994250297546,0.14733306231121374,0.775566362718541
rest16_quad_test_514,restaurant,restaurant#prices,astonished,7.75#8.38,3.01#6.62,1.0,0.4469095266382224,0.5530904733617776
rest16_quad_train_1199,null,service#general,null,5.00#5.00,4.83#5.25,1.0,0.02672194790803993,0.97327805209196
rest16_quad_train_285,patis,restaurant#general,null,8.17#8.00,5.25#5.48,1.0,0.34091787867461565,0.6590821213253844
rest16_quad_train_844,porcini mushroom pasta special,food#quality,tasteless,2.50#7.33,4.59#6.27,1.0,0.2071325813337921,0.7928674186662079
rest16_quad_train_844,seafood tagliatelle,food#quality,tasteless,2.33#7.17,5.84#6.54,1.0,0.3152008288377427,0.6847991711622573
rest16_quad_train_316,place,ambience#general,good,6.50#6.75,6.72#6.76,0.9122267564137777,0.01946551437799677,0.8927612420357809
rest16_quad_test_167,food,food#quality,always freshly prepared,7.83#8.00,7.59#7.62,1.0,0.03972562145517675,0.9602743785448232
rest16_quad_train_227,bagel,food#style_options,huge,7.33#7.50,7.61#7.62,0.9321425755818685,0.026925824035672542,0.905216751546196
rest16_quad_test_289,sake,drinks#quality,good,6.50#6.25,6.79#6.90,0.9468970696131388,0.06291114766080813,0.8839859219523307
rest16_quad_test_289,food,food#quality,good,6.50#6.25,6.78#6.91,1.0,0.0633689592781829,0.9366310407218171
rest16_quad_train_1162,mens bathroom,ambience#general,disgusting,1.17#8.83,1.81#8.13,1.0,0.08383391318553604,0.916166086814464
rest16_quad_train_125,food,food#quality,null,6.38#6.50,5.21#5.45,1.0,0.13895255485236674,0.8610474451476333
rest16_quad_train_541,place,restaurant#general,great,7.50#7.38,7.49#7.56,0.9408895969390869,0.015934435979977426,0.9249551609591095
rest16_quad_test_488,waitress,service#general,null,3.90#6.20,4.64#5.32,0.9060658613840739,0.1016273831208892,0.8044384782631846
rest16_quad_train_910,sassy lassi,drinks#quality,fav,8.38#8.50,7.52#7.64,0.9468970696131388,0.10750000000000008,0.8393970696131388
rest16_quad_train_110,null,restaurant#general,null,2.80#6.80,5.14#5.36,1.0,0.2428541228803826,0.7571458771196173
rest16_quad_train_400,lox,food#quality,always fresh,7.12#6.00,7.39#7.48,1.0,0.13297379911095272,0.8670262008890472
rest16_quad_train_747,suan,restaurant#general,great,7.33#7.50,7.55#7.61,1.0,0.021740658913657597,0.9782593410863424
rest16_quad_train_1137,veal,food#quality,incredible,8.00#7.83,7.94#7.97,1.0,0.01346291201783622,0.9865370879821638
rest16_quad_train_446,service,service#general,always great,7.62#7.88,7.57#7.67,0.9332740306854248,0.019080421903092178,0.9141936087823326
rest16_quad_train_836,food,food#quality,exceptional,7.83#8.00,7.75#7.81,1.0,0.018221724671391597,0.9817782753286084
rest16_quad_train_836,service,service#general,more wonderful,7.83#8.00,7.65#7.77,0.9377745389938354,0.025814845535079244,0.9119596934587562
rest16_quad_train_558,staff,service#general,really stressed,3.83#5.33,4.68#5.78,0.9809510906537374,0.08500919067959649,0.895941899974141
rest16_quad_train_558,staff,service#general,nice,6.83#7.00,6.90#6.86,1.0,0.013834964763236644,0.9861650352367634
rest16_quad_train_558,unisex bathroom,ambience#general,null,4.67#4.67,4.93#5.26,0.9824386835098267,0.05698821150027432,0.9254504720095523
rest16_quad_train_1177,null,restaurant#general,null,5.00#5.00,5.28#5.53,1.0,0.052981423631306875,0.9470185763686931
rest16_quad_train_1294,null,restaurant#prices,costly,1.67#8.17,4.64#7.53,1.0,0.26853916148301343,0.7314608385169865
rest16_quad_test_10,meal,food#quality,delicious,7.83#7.83,7.89#7.89,1.0,0.007499999999999951,0.9925
rest16_quad_train_601,food,food#quality,great,7.33#7.50,7.62#7.67,1.0,0.029712160810011778,0.9702878391899882
rest16_quad_train_601,service,service#general,great,7.17#7.33,7.62#7.65,1.0,0.04880605751338662,0.9511939424866134
rest16_quad_train_601,setting,ambience#general,unpretensious,7.50#7.67,7.85#7.91,0.999999980131785,0.03751041522030913,0.9624895649114759
rest16_quad_test_36,fish,food#quality,excellent,8.38#8.38,8.01#8.08,1.0,0.04210292448274833,0.9578970755172517
rest16_quad_test_36,fish,food#style_options,excellent,8.38#8.38,8.01#8.08,0.9349112709363302,0.04210292448274833,0.8928083464535819
rest16_quad_train_775,pad se ew chicken,food#quality,delicious,7.75#7.75,7.55#7.53,1.0,0.026279745052035786,0.9737202549479642
rest16_quad_train_775,pad thai,food#quality,too oily,3.75#6.75,3.32#5.90,0.9706641832987467,0.08419657059524453,0.8864676127035022
rest16_quad_train_309,ambience,ambience#general,original,7.50#7.25,7.02#7.23,0.9278436501820883,0.0424632193786576,0.8853804308034307
rest16_quad_train_309,ambience,ambience#general,very dark,7.50#7.25,7.02#7.23,0.9546076854070028,0.0424632193786576,0.9121444660283452
rest16_quad_test_222,crab cakes,food#quality,best,6.88#6.50,7.85#7.91,1.0,0.15127065974603268,0.8487293402539673
rest16_quad_dev_147,drinks,drinks#prices,horrible,2.00#7.62,2.02#7.90,0.9536895751953125,0.02481179155159903,0.9288777836437134
rest16_quad_dev_147,drinks,drinks#quality,horrible,1.88#7.75,2.02#7.90,1.0,0.018135772660683665,0.9818642273393163
rest16_quad_train_1382,modern japanese brasserie,restaurant#general,favorite,7.75#8.00,7.86#7.95,0.9705404837926229,0.010680004681646933,0.9598604791109759
rest16_quad_train_1382,modern japanese brasserie,restaurant#general,most romantic,7.62#7.88,7.77#8.08,0.9278379678726196,0.02209708691207959,0.9057408809605401
rest16_quad_train_616,waiter,service#general,very nice,7.50#7.50,7.23#7.24,0.9465721448262533,0.033130895701746384,0.9134412491245069
rest16_quad_train_616,waiter,service#general,cordial,7.33#7.17,7.21#7.31,0.9999999602635702,0.016298006013006607,0.9837019542505636
rest16_quad_train_1004,atmosphere,ambience#general,love,7.62#7.62,7.43#7.49,1.0,0.020348525745124652,0.9796514742548753
rest16_quad_dev_36,outdoor restaurants,ambience#general,nicest,8.00#8.12,7.69#7.72,1.0,0.044730093337707166,0.9552699066622928
rest16_quad_test_131,place,restaurant#general,null,4.50#5.00,4.99#5.45,1.0,0.0588031674316954,0.9411968325683046
rest16_quad_train_1471,bfc,restaurant#miscellaneous,null,4.17#4.00,4.92#5.43,0.9587862094243368,0.1427246036953685,0.8160616057289682
rest16_quad_train_1471,null,service#general,abused,2.50#7.50,2.62#6.97,1.0,0.04803156514210215,0.9519684348578978
rest16_quad_train_298,food,food#quality,delicious,7.83#7.83,7.94#8.02,1.0,0.019405218370325005,0.980594781629675
rest16_quad_train_485,svc,service#general,a bit rude,2.33#7.83,3.13#7.26,1.0,0.08682327596906257,0.9131767240309374
rest16_quad_train_201,traditional french decour,ambience#general,pleasant,7.83#7.50,7.70#7.67,1.0,0.01891593243802693,0.9810840675619731
rest16_quad_train_201,hall,ambience#general,rather noisy,2.67#6.83,3.11#6.55,1.0,0.04609772228646445,0.9539022777135355
rest16_quad_train_383,food,food#quality,expect,5.50#5.25,3.10#6.18,0.9492586056391398,0.2275017170264875,0.7217568886126523
rest16_quad_train_1402,pork belly tacos,food#quality,null,5.33#5.33,5.50#5.66,0.9349112709363302,0.03281101187101672,0.9021002590653134
rest16_quad_test_27,food,food#quality,great,7.33#7.67,7.63#7.73,1.0,0.027041634565979914,0.97295836543402
rest16_quad_test_322,restaurant,restaurant#general,delightful,7.83#8.00,7.87#7.94,1.0,0.006373774391990954,0.9936262256080091
rest16_quad_dev_131,food,food#quality,amazing,8.00#8.17,7.98#8.10,1.0,0.006434768838116889,0.9935652311618831
rest16_quad_train_1034,sushi,food#quality,reliable,7.00#6.88,7.74#7.83,1.0,0.10643733485013612,0.8935626651498638
rest16_quad_train_1034,sushi,food#quality,fresh,7.25#7.12,7.74#7.83,0.9013355175654093,0.07625000000000001,0.8250855175654093
rest16_quad_train_242,sushi,food#quality,pretty below average,4.00#5.17,4.44#5.57,0.9806250731150309,0.05255949010407164,0.9280655830109592
rest16_quad_train_242,tuna,food#quality,soggy,3.67#5.17,3.20#6.31,1.0,0.10899039521902831,0.8910096047809717
rest16_quad_train_242,rolls,food#quality,no flavor,3.17#5.00,5.35#5.77,0.9775943756103516,0.20435301869558956,0.773241356914762
rest16_quad_dev_99,food,food#quality,good,6.83#6.83,6.87#6.96,1.0,0.01202211503854458,0.9879778849614554
rest16_quad_train_319,place,restaurant#general,null,5.33#5.33,5.23#5.40,1.0,0.01078917281352003,0.98921082718648
rest16_quad_train_1318,null,restaurant#miscellaneous,null,5.00#5.00,5.08#5.33,1.0,0.03001301800885743,0.9699869819911425
rest16_quad_test_19,italian food,food#quality,fabulous,8.17#8.50,7.98#8.08,0.999999980131785,0.04074501503251653,0.9592549650992686
rest16_quad_train_1049,null,restaurant#general,null,5.50#5.50,5.16#5.36,1.0,0.03249999999999997,0.9675
rest16_quad_train_878,service,service#general,friendly,7.17#7.00,7.04#7.16,1.0,0.018221724671391566,0.9817782753286084
rest16_quad_dev_123,chicken teriyaki,food#style_options,null,4.12#5.88,4.94#5.31,0.9349112709363302,0.08826894272619336,0.8466423282101369
rest16_quad_train_1043,null,food#quality,very yummy,7.25#7.50,5.30#6.49,0.9763157765070597,0.19410451437305623,0.7822112621340035
rest16_quad_test_31,food,food#quality,finest quality,8.17#8.50,7.62#7.80,0.9690376122792562,0.07868548945008857,0.8903521228291676
rest16_quad_train_1066,null,restaurant#general,null,4.83#5.00,5.18#5.39,1.0,0.04631751828412222,0.9536824817158778
rest16_quad_train_553,wine list,drinks#style_options,really nice,7.50#7.62,7.20#7.11,1.0,0.052298721303680046,0.9477012786963199
rest16_quad_train_22,service,service#general,excellent,8.00#8.25,7.98#8.04,1.0,0.018645542362720445,0.9813544576372796
rest16_quad_train_22,decor,ambience#general,cool,7.75#8.00,7.47#7.47,0.999999980131785,0.052981423631306875,0.9470185565004782
rest16_quad_test_529,null,service#general,null,5.00#5.00,4.72#5.26,1.0,0.03377314021526574,0.9662268597847342
rest16_quad_test_318,honwy walnut prawns,food#quality,just outstanding,8.75#8.88,7.88#7.98,0.9663216670354208,0.1106408886894895,0.8556807783459313
rest16_quad_test_318,honwy walnut prawns,food#quality,best,8.50#8.62,7.88#7.98,0.9048455357551575,0.07875992001011674,0.8260856157450407
rest16_quad_train_405,place,restaurant#general,totally overrated,3.83#5.17,3.13#6.09,1.0,0.10217937658842903,0.897820623411571
rest16_quad_train_929,portion sizes,food#style_options,huge,7.88#7.88,7.59#7.60,0.9321425755818685,0.03563048203434808,0.8965120935475205
rest16_quad_train_929,sushi,food#quality,good,7.50#7.50,6.98#7.09,1.0,0.05853017384221575,0.9414698261577843
rest16_quad_train_663,scallops,food#quality,really like,6.62#6.75,7.25#7.24,0.9466806650161743,0.07054475529761231,0.876135909718562
rest16_quad_train_663,mahi mahi ( on saffron risotto,food#quality,really like,6.75#6.88,7.23#7.23,0.903421958287557,0.05250743994902061,0.8509145183385364
rest16_quad_train_945,food,food#quality,great,7.33#7.50,7.51#7.56,1.0,0.016770509831248386,0.9832294901687516
rest16_quad_train_431,food,food#quality,delicious,7.25#7.25,7.77#7.76,1.0,0.0643780339090904,0.9356219660909096
rest16_quad_train_635,mare,restaurant#general,best,7.90#7.50,7.70#7.76,1.0,0.028993533761857995,0.971006466238142
rest16_quad_train_1088,seafood dynamite,food#quality,otherworldly,8.12#8.38,7.48#7.75,1.0,0.07937746059178258,0.9206225394082175
rest16_quad_train_1090,sushi,food#quality,good,7.33#7.33,7.57#7.64,0.9035727580388387,0.03465229068907276,0.868920467349766
rest16_quad_train_1090,service,service#general,pleasant,7.67#7.50,7.75#7.80,1.0,0.027443123000125174,0.9725568769998748
rest16_quad_train_1090,service,service#general,effective,7.50#7.50,7.52#7.65,1.0,0.013375584099395462,0.9866244159006046
rest16_quad_train_1090,service,service#general,unassuming,7.33#7.33,7.48#7.62,1.0,0.028858490951538,0.971141509048462
rest16_quad_train_1474,staff,service#general,horrified,1.00#9.00,1.86#8.11,1.0,0.10939107024798692,0.8906089297520131
rest16_quad_train_399,salads,food#quality,great,7.00#6.75,7.46#7.56,1.0,0.08233411352531825,0.9176658864746817
rest16_quad_train_399,cream cheeses,food#style_options,huge,7.00#7.00,7.76#7.76,1.0,0.09499999999999997,0.905
rest16_quad_train_686,place,location#general,great,7.00#7.17,7.45#7.51,0.9498179157574972,0.04985134150652317,0.899966574250974
rest16_quad_test_208,pizza,food#quality,better,5.75#6.25,7.80#7.87,0.964114248752594,0.23094405437248214,0.7331701943801119
rest16_quad_train_1440,salmon,food#quality,fishy,1.50#8.67,3.32#6.10,1.0,0.27835033006986,0.72164966993014
rest16_quad_train_1440,salmon,food#quality,dry,1.50#8.67,3.04#6.20,1.0,0.2572769057844096,0.7427230942155905
rest16_quad_train_1440,salmon,food#quality,bland,1.50#8.67,3.18#6.13,1.0,0.2691711815926809,0.7308288184073191
rest16_quad_train_1485,meal,food#quality,best,8.00#7.62,7.93#8.04,1.0,0.03763517304331141,0.9623648269566886
rest16_quad_dev_162,spot,restaurant#general,great,7.00#6.88,7.63#7.69,1.0,0.09070039966835872,0.9092996003316413
rest16_quad_dev_162,food,food#quality,great,7.00#6.88,7.64#7.69,1.0,0.09124571907766414,0.9087542809223359
rest16_quad_test_489,owner,service#general,very dismissive,2.00#8.00,2.08#7.56,0.927930990854899,0.03952847075210478,0.8884025201027943
rest16_quad_train_908,drinks,drinks#quality,null,6.00#5.88,5.54#5.58,0.9597441355387369,0.048541219597368984,0.9112029159413679
rest16_quad_train_725,null,restaurant#general,null,4.00#5.00,5.21#5.40,1.0,0.11264227115075405,0.8873577288492459
rest16_quad_train_619,gulab jamun ( dessert ),food#quality,null,7.17#7.00,5.19#5.42,0.9170387983322144,0.22390008932557393,0.6931387090066404
rest16_quad_train_850,bbq ribs,food#quality,best,7.25#7.00,7.76#7.83,0.907669186592102,0.08610495049647261,0.8215642360956295
rest16_quad_train_850,bbq ribs,food#style_options,best,7.38#7.12,7.76#7.83,0.9727579156557719,0.07117869238753967,0.9015792232682321
rest16_quad_train_895,faan,restaurant#general,good,6.62#6.50,6.91#7.02,0.9083844224611918,0.05262633608755218,0.8557580863736396
rest16_quad_train_980,areo,restaurant#general,enjoyable,7.62#7.75,7.58#7.59,1.0,0.014577379737113264,0.9854226202628867
rest16_quad_test_237,menu items,food#quality,hit,7.83#8.00,7.61#7.76,0.9488082130750021,0.02877716108305334,0.9200310519919487
rest16_quad_train_342,food,food#quality,great,7.88#7.75,7.59#7.62,1.0,0.02809025631780529,0.9719097436821947
rest16_quad_train_342,service,service#general,great,7.75#7.62,7.53#7.57,1.0,0.019941320166929743,0.9800586798330703
rest16_quad_train_342,atmosphere,ambience#general,pleasant,8.00#7.88,7.76#7.77,1.0,0.023335193378243115,0.9766648066217569
rest16_quad_train_329,meals,food#quality,edible,2.83#6.33,2.72#6.76,0.9831883907318115,0.03923088706618801,0.9439575036656235
rest16_quad_test_16,service,service#general,worst,1.88#7.88,1.85#7.98,1.0,0.009228014412645914,0.9907719855873541
rest16_quad_train_1515,bartender,service#general,disappeared,3.00#5.60,3.02#6.24,1.0,0.0565961571133589,0.9434038428866411
rest16_quad_train_218,bar,restaurant#miscellaneous,really enjoying,7.50#7.62,7.35#7.43,0.9049341678619385,0.021396553460779656,0.8835376144011589
rest16_quad_train_1296,wait,service#general,null,5.50#5.80,4.84#5.36,1.0,0.07011151831190078,0.9298884816880992
rest16_quad_train_31,food,food#quality,awesome,8.12#7.88,7.82#7.94,1.0,0.027041634565979834,0.9729583654340201
rest16_quad_train_1407,food,food#quality,good,7.38#7.50,6.47#6.58,1.0,0.11437670763752555,0.8856232923624745
rest16_quad_train_82,place,restaurant#miscellaneous,japanese,7.12#7.12,5.94#6.64,0.9277262091636658,0.11259718024888545,0.8151290289147803
rest16_quad_train_742,food,food#quality,yummy,7.50#8.00,7.55#7.56,1.0,0.03914117077962797,0.960858829220372
rest16_quad_train_731,food,food#quality,reliable,6.88#6.88,7.35#7.38,1.0,0.06065398791505796,0.9393460120849421
rest16_quad_test_370,scallops,food#quality,tasty,7.25#7.38,7.42#7.48,1.0,0.01743290710122671,0.9825670928987733
rest16_quad_train_1288,service,service#general,sadly,3.00#6.00,3.15#6.30,1.0,0.02964635306407854,0.9703536469359214
rest16_quad_train_1006,staff,service#general,great,7.67#7.50,6.92#6.97,0.9545150597890218,0.0811730404752711,0.8733420193137508
rest16_quad_dev_161,bark,restaurant#miscellaneous,null,5.00#5.00,5.44#5.68,0.9587862094243368,0.07158910531638175,0.887197104107955
rest16_quad_dev_161,food,food#quality,null,5.00#5.00,5.01#5.44,1.0,0.03890091579898862,0.9610990842010114
rest16_quad_train_786,spreads,food#quality,great,7.00#7.00,7.58#7.61,0.9349112709363302,0.07439863069976492,0.8605126402365653
rest16_quad_train_786,toppings,food#quality,great,7.25#7.50,7.48#7.53,0.9349112709363302,0.020501524333570945,0.9144097466027592
rest16_quad_train_1100,place,restaurant#general,bad,2.67#6.67,2.72#6.65,1.0,0.00475985819116495,0.995240141808835
rest16_quad_train_26,grilled chicken special with edamame puree,food#quality,moderately enjoyed,7.25#7.00,7.66#7.70,0.9500484665234884,0.07170359997935949,0.8783448665441289
rest16_quad_train_1206,food,food#quality,flavorful,7.50#8.00,7.36#7.61,1.0,0.03662521330995899,0.9633747866900411
rest16_quad_train_1206,food,food#style_options,plentiful,8.00#8.25,7.69#7.83,0.9349112311999003,0.04614007206322935,0.8887711591366709
rest16_quad_train_909,drinks,drinks#quality,amazing,8.00#8.00,7.96#7.99,0.9468970696131388,0.0036443449342783113,0.9432527246788605
rest16_quad_train_909,drinks,drinks#prices,amazing,7.83#7.83,7.96#7.99,0.9386289119720459,0.018221724671391566,0.9204071873006543
rest16_quad_train_529,place,restaurant#general,loved,7.88#7.62,7.66#7.82,1.0,0.026279745052035786,0.9737202549479642
rest16_quad_train_1418,atmosphere,ambience#general,great,8.00#8.00,7.35#7.42,1.0,0.07699939123135977,0.9230006087686402
rest16_quad_train_762,food,food#quality,excellent,8.25#8.38,7.97#8.06,1.0,0.0375832409459323,0.9624167590540676
rest16_quad_train_1494,hot dog,food#quality,elevated,7.83#7.67,7.56#7.74,1.0,0.02465385365414507,0.9753461463458549
rest16_quad_test_478,null,restaurant#general,null,5.25#5.25,5.62#5.71,1.0,0.052179078661854505,0.9478209213381454
rest16_quad_train_1405,food,food#quality,very good,7.25#7.38,6.94#6.99,1.0,0.044034787384521296,0.9559652126154787
rest16_quad_train_409,shabu - shabu restaurant,restaurant#general,best,7.80#8.00,7.82#7.88,1.0,0.010752906583803299,0.9892470934161967
rest16_quad_train_969,null,restaurant#general,null,4.33#5.17,5.11#5.33,1.0,0.07037844130129625,0.9296215586987038
rest16_quad_train_610,null,service#general,null,4.75#5.50,4.91#5.25,1.0,0.026235114827269198,0.9737648851727309
rest16_quad_train_1429,server,service#general,enhanced,7.50#7.62,7.58#7.62,0.999999980131785,0.007071067811865481,0.9929289123199195
rest16_quad_train_1429,appetizer,food#quality,delicious,7.62#7.75,7.86#7.90,0.9488082130750021,0.025015620120236906,0.9237925929547651
rest16_quad_train_107,null,food#prices,null,5.00#5.00,4.95#5.30,0.999999980131785,0.02688226645950819,0.9731177136722768
rest16_quad_train_107,toppings,food#prices,null,5.25#5.38,5.05#5.41,0.999999980131785,0.017875437057593882,0.9821245430741912
rest16_quad_train_263,yellowtail,food#quality,particularly good,7.12#7.00,6.86#6.98,1.0,0.023048861143232194,0.9769511388567678
rest16_quad_train_981,servers,service#general,very attentive,8.00#8.00,7.69#7.76,1.0,0.03465229068907276,0.9653477093109273
rest16_quad_train_981,servers,service#general,quite attractive,8.00#8.00,7.69#7.74,1.0,0.03576179875229987,0.9642382012477001
rest16_quad_train_981,servers,service#general,friendly,8.00#8.00,7.57#7.59,1.0,0.052514878843999996,0.947485121156
rest16_quad_dev_128,quesadilla,food#quality,null,4.67#4.67,4.96#5.34,1.0,0.06452954749570153,0.9354704525042985
rest16_quad_dev_128,quesadilla,food#style_options,null,4.67#4.67,4.96#5.34,0.9349112709363302,0.06452954749570153,0.8703817234406287
rest16_quad_train_386,service,service#general,slow,3.00#6.40,3.43#5.75,1.0,0.0688862286672743,0.9311137713327257
rest16_quad_dev_2,sake list,drinks#style_options,extensive,7.83#8.00,6.63#6.95,1.0,0.140937153547246,0.859062846452754
rest16_quad_dev_2,null,service#general,null,5.00#5.00,5.05#5.35,1.0,0.031249999999999965,0.96875
rest16_quad_train_374,food,food#quality,great,7.00#7.17,7.43#7.53,1.0,0.049568450147245875,0.9504315498527541
rest16_quad_train_42,food,food#quality,great,7.88#7.75,7.39#7.44,1.0,0.05124999999999999,0.94875
rest16_quad_train_127,menu,food#style_options,null,5.00#5.00,5.11#5.36,0.9170447985331217,0.03327207913551545,0.8837727193976063
rest16_quad_dev_155,family seafood entree,food#quality,very good,7.67#7.33,7.17#7.30,1.0,0.04427365187106209,0.9557263481289379
rest16_quad_train_1063,lobster,food#quality,good,6.25#6.50,6.79#6.88,1.0,0.05836308764964375,0.9416369123503563
rest16_quad_train_16,chow fun,food#quality,dry,3.25#6.50,3.00#6.15,1.0,0.03801726581436384,0.9619827341856362
rest16_quad_train_16,pork shu mai,food#quality,greasy,3.25#6.75,2.53#7.40,1.0,0.08573669721886892,0.9142633027811311
rest16_quad_test_347,portions,food#style_options,big,7.50#7.38,4.93#5.87,0.9321425755818685,0.26346548635447486,0.6686770892273937
rest16_quad_train_647,mizu,restaurant#general,null,5.00#5.00,5.49#5.58,1.0,0.06711114847773059,0.9328888515222694
rest16_quad_test_20,mioposto,restaurant#general,highly recommend,7.50#7.25,7.76#7.92,0.9074348012606303,0.06352287973635953,0.8439119215242707
rest16_quad_train_268,atmosphere,ambience#general,noisy,3.67#6.50,3.07#6.42,1.0,0.05350233639758175,0.9464976636024183
rest16_quad_train_268,waiters,service#general,fast,6.33#6.33,5.08#6.17,0.9101536870002747,0.11138685402685541,0.7987668329734192
rest16_quad_train_266,big wong,restaurant#general,fine,7.00#6.88,7.26#7.27,1.0,0.041429533547941336,0.9585704664520587
rest16_quad_train_149,moules,food#quality,excellent,8.17#8.00,7.98#8.10,1.0,0.018977783063361165,0.9810222169366388
rest16_quad_train_149,lobster ravioli,food#quality,very salty,2.67#7.50,6.91#7.60,1.0,0.37487081108029735,0.6251291889197026
rest16_quad_train_1468,food,food#quality,fabulous,7.88#7.88,7.93#8.05,1.0,0.01566245510767715,0.9843375448923228
rest16_quad_train_1468,front of house staff,service#general,null,4.88#4.75,5.41#5.56,1.0,0.085558824793238,0.914441175206762
rest16_quad_dev_104,big wong,restaurant#general,great,7.38#7.62,7.46#7.53,1.0,0.010643366478703996,0.989356633521296
rest16_quad_train_1166,bread,food#quality,horrible,1.67#8.67,2.00#7.87,1.0,0.07649039972440984,0.9235096002755901
rest16_quad_train_1166,appetizer of olives,food#quality,disappointing,2.17#8.17,2.63#6.62,0.9581985870997111,0.1429078593010195,0.8152907277986916
rest16_quad_train_504,seafood,food#quality,really good,7.38#7.50,6.94#7.04,0.9452383915583292,0.05626388717463446,0.8889745043836947
rest16_quad_test_326,server,service#general,friendly,7.25#7.38,7.40#7.46,0.999999980131785,0.015026019100214165,0.9849739610315709
rest16_quad_test_326,server,service#general,very professional,7.75#7.88,7.59#7.64,0.999999980131785,0.025495097567963945,0.9745048825638211
rest16_quad_train_1315,restaurant,restaurant#general,abused,1.50#8.50,2.46#7.08,1.0,0.15150288776125687,0.8484971122387431
rest16_quad_train_1315,restaurant,restaurant#prices,abused,1.50#8.50,2.46#7.08,0.9237739046414694,0.15150288776125687,0.7722710168802125
rest16_quad_train_10,wine list,drinks#style_options,interesting,7.00#7.00,7.64#7.73,1.0,0.08580956386091237,0.9141904361390876
rest16_quad_train_203,service,service#general,just average ok,5.50#5.25,5.40#5.36,0.9522366722424825,0.013139872526017898,0.9390967997164646
rest16_quad_train_413,menu,food#style_options,slightly limited,5.50#6.00,5.63#6.31,0.9067249496777853,0.029712160810011747,0.8770127888677736
rest16_quad_test_109,food,food#quality,simply unforgettable,8.17#8.17,2.07#7.68,0.9916404287020365,0.5409056352544314,0.45073479344760514
rest16_quad_train_655,strawberry daiquiries,drinks#quality,wonderful,7.67#7.50,7.81#7.99,0.9468970696131388,0.04504338186681814,0.9018536877463207
rest16_quad_train_51,food,food#quality,well prepared,7.83#8.00,6.77#6.74,1.0,0.14553779577827886,0.8544622042217211
rest16_quad_train_51,service,service#general,impecable,8.00#8.17,6.60#6.84,1.0,0.17068108052739767,0.8293189194726023
rest16_quad_train_1444,null,food#quality,completely inedible,3.00#5.00,1.82#8.07,1.0,0.29070630583116014,0.7092936941688399
rest16_quad_train_307,restaurant,restaurant#general,cute,7.33#7.17,6.63#6.69,1.0,0.07502083044061827,0.9249791695593818
rest16_quad_train_1216,triple color and norwegetan rolls,food#quality,awesome,8.00#8.00,7.87#7.94,0.9349112709363302,0.012655285457072842,0.9222559854792574
rest16_quad_train_1005,mussels,food#quality,fantastic,8.00#8.00,7.95#8.01,1.0,0.004506939094329967,0.99549306090567
rest16_quad_train_1005,null,restaurant#general,null,7.00#7.00,5.42#5.48,1.0,0.19378628692453959,0.8062137130754604
rest16_quad_train_593,lobster sandwich,food#quality,fantastic,8.25#8.50,7.95#8.06,1.0,0.04707042595940678,0.9529295740405932
rest16_quad_test_92,food,food#quality,nice,6.83#7.00,7.06#7.02,1.0,0.02040603464664309,0.979593965353357
rest16_quad_train_1170,waitress,service#general,null,5.00#5.00,4.66#5.30,1.0,0.04007804885470347,0.9599219511452965
rest16_quad_test_221,service,service#general,null,4.62#5.12,4.85#5.30,1.0,0.02581484553507918,0.9741851544649208
rest16_quad_train_885,food,food#quality,not fresh,3.50#5.50,2.49#7.03,1.0,0.16204262556500373,0.8379573744349963
rest16_quad_train_885,sauces,food#quality,very oily,3.33#5.17,2.75#6.48,0.9846260945002238,0.1266299974334676,0.8579960970667562
rest16_quad_train_376,staff,service#general,friendliest,7.38#7.25,6.98#7.52,1.0,0.04265596382687882,0.9573440361731211
rest16_quad_train_62,view,location#general,null,6.17#5.50,5.54#5.72,0.9188017050425211,0.05898225368702011,0.859819451355501
rest16_quad_train_776,ginger house,restaurant#general,always good,7.50#7.62,7.15#7.18,0.9442725578943888,0.04969437845471056,0.8945781794396782
rest16_quad_train_1285,the four seasons,restaurant#miscellaneous,null,5.33#5.17,5.62#5.70,0.9587862094243368,0.05340002340823459,0.9053861860161022
rest16_quad_train_1285,the four seasons,restaurant#prices,null,5.33#5.17,5.62#5.70,0.9237739046414694,0.05340002340823459,0.8703738812332348
rest16_quad_train_1053,food,food#quality,good,7.25#7.50,7.04#7.18,0.9134095112482706,0.03383092150681091,0.8795785897414597
rest16_quad_train_574,food,food#quality,average or above,5.75#6.00,5.24#5.33,0.9595811367034912,0.07442487823302096,0.8851562584704702
rest16_quad_train_729,null,restaurant#miscellaneous,null,4.88#5.38,5.14#5.34,1.0,0.023251344047172825,0.9767486559528272
rest16_quad_train_430,trattoria,ambience#general,quaint,7.88#7.88,7.36#7.58,0.9122267564137777,0.053062463191977764,0.8591642932218
rest16_quad_train_207,decor,ambience#general,vibrant,7.67#7.67,7.73#7.72,0.999999980131785,0.006903350635742061,0.9930966294960429
rest16_quad_train_207,decor,ambience#general,eye - pleasing,7.67#7.67,7.73#7.72,0.914110024770101,0.006903350635742061,0.9072066741343588
rest16_quad_train_207,semi - private boths,ambience#general,great,7.50#7.67,7.52#7.58,0.9928600192070007,0.008149003006503291,0.9847110162004974
rest16_quad_dev_65,food,food#quality,wonderful,7.75#7.75,7.75#7.84,0.9488082130750021,0.007954951288348647,0.9408532617866534
rest16_quad_dev_65,drinks,drinks#quality,wonderful,7.75#7.75,7.77#7.86,0.9597441355387369,0.009882117688026206,0.9498620178507108
rest16_quad_dev_65,staff,service#general,wonderful,7.75#7.75,7.73#7.82,1.0,0.006434768838116889,0.9935652311618831
rest16_quad_dev_65,mileau,ambience#general,wonderful,7.75#7.75,7.73#7.80,1.0,0.004759858191164913,0.9952401418088351
rest16_quad_train_1408,place,restaurant#general,null,4.17#4.83,5.17#5.41,1.0,0.10217937658842903,0.897820623411571
rest16_quad_train_1335,indian food,food#quality,great,7.67#7.67,7.61#7.67,1.0,0.005303300858899071,0.9946966991411009
rest16_quad_train_1316,null,restaurant#general,null,5.00#5.00,4.88#5.32,0.9587862094243368,0.030207614933986455,0.9285785944903503
rest16_quad_train_1316,null,restaurant#prices,null,5.00#5.00,4.88#5.32,0.9436036348342896,0.030207614933986455,0.9133960199003031
rest16_quad_train_1316,null,service#general,terribly,5.25#5.00,2.80#7.14,0.9545231461524963,0.2875285311929931,0.6669946149595032
rest16_quad_train_952,music,ambience#general,good,7.33#7.33,7.01#7.13,0.9999999602635702,0.033354160160315866,0.9666458001032543
rest16_quad_train_952,food,food#quality,great,7.67#7.67,7.56#7.61,1.0,0.01107502821666835,0.9889249717833316
rest16_quad_train_952,service,service#general,speedy,7.67#7.50,6.97#7.08,1.0,0.07215434844830906,0.927845651551691
rest16_quad_train_44,null,restaurant#general,null,5.80#5.70,5.04#5.32,0.9587862094243368,0.07510409442899899,0.8836821149953378
rest16_quad_train_1307,chicken,food#quality,inedible,2.00#7.38,1.86#8.06,0.999999980131785,0.061364688543167935,0.9386352915886171
rest16_quad_test_430,lebanese food,food#quality,yum,7.25#7.00,7.46#7.57,0.9488082130750021,0.05369182898728635,0.8951163840877158
rest16_quad_dev_35,pizza,food#quality,excellent,8.17#8.17,8.02#8.09,1.0,0.015026019100214165,0.9849739808997858
rest16_quad_dev_35,wine,drinks#quality,excellent,8.17#8.17,8.02#8.09,1.0,0.015026019100214165,0.9849739808997858
rest16_quad_dev_35,service,service#general,excellent,8.17#8.17,8.02#8.09,1.0,0.015026019100214165,0.9849739808997858
rest16_quad_train_427,service,service#general,very good,7.38#7.38,6.74#6.88,1.0,0.07178527007680612,0.9282147299231939
rest16_quad_test_147,kafta plate,food#quality,enjoyed,7.25#7.38,7.78#7.88,1.0,0.06440230003656702,0.935597699963433
rest16_quad_train_951,jazz duo,ambience#general,on point,7.00#7.00,4.98#6.07,0.9536290168762207,0.19655827698166256,0.7570707398945582
rest16_quad_train_462,food,food#quality,awsome,8.00#8.00,6.78#7.09,0.9999999602635702,0.1345275297104648,0.8654724305531054
rest16_quad_train_1289,service,service#general,just ok,6.00#5.50,5.15#5.24,0.9361832936604818,0.07856625388804021,0.8576170397724416
rest16_quad_train_219,server,service#general,really cool,7.25#7.50,6.96#6.99,0.9513731400171915,0.05185617128172883,0.8995169687354627
rest16_quad_test_299,pizza,food#quality,delicious,7.75#7.38,7.95#7.97,1.0,0.05506388335379189,0.9449361166462081
rest16_quad_test_299,salads,food#quality,fantastic,7.88#7.75,7.97#8.07,1.0,0.029381648183857915,0.9706183518161421
rest16_quad_dev_27,restaurant,restaurant#general,amazing,7.75#7.50,7.91#7.93,1.0,0.04055282049377081,0.9594471795062292
rest16_quad_dev_27,food,food#quality,fresh,7.38#7.00,7.61#7.69,1.0,0.064286954353119,0.935713045646881
rest16_quad_dev_27,food,food#quality,delicious,7.38#7.12,7.85#7.89,1.0,0.07973589216908525,0.9202641078309147
rest16_quad_train_267,food,food#quality,great,7.33#7.33,7.49#7.53,0.9488082130750021,0.02263846284534356,0.9261697502296585
rest16_quad_train_267,service,service#general,great,7.00#7.00,7.49#7.53,1.0,0.06379900077587425,0.9362009992241258
rest16_quad_train_1470,waiters,service#general,fantastic,8.17#8.33,7.85#8.05,1.0,0.037583240945932246,0.9624167590540678
rest16_quad_train_1470,front of house staff,service#general,so hideous,3.33#5.25,4.59#7.02,0.9731961488723755,0.19203881443604046,0.7811573344363351
rest16_quad_train_1470,fish dishes,food#quality,exceptional,8.17#8.67,7.85#7.98,1.0,0.06722745904762424,0.9327725409523757
rest16_quad_train_1228,chicken lollipop,food#quality,favorite,8.50#8.50,7.58#7.66,0.9193486968676249,0.11011357772772618,0.8092351191398988
rest16_quad_train_1228,dishes,food#quality,quite oily,3.67#6.83,3.28#6.22,0.9488082130750021,0.06399462868085104,0.884813584394151
rest16_quad_train_1228,chilli chicken,food#quality,quite oily,3.67#6.83,5.33#6.46,0.912800669670105,0.15032516838507118,0.7624755012850338
rest16_quad_train_1228,chilli chicken,food#quality,very spicy,4.17#6.17,5.33#6.46,1.0,0.10568600309407107,0.8943139969059289
rest16_quad_train_1461,null,restaurant#general,null,3.83#4.50,5.10#5.32,1.0,0.13361851013239143,0.8663814898676085
rest16_quad_train_932,$ 10 10 - piece dim sum combo,food#quality,great,7.38#7.38,7.47#7.55,0.9268264770507812,0.01700183813591929,0.909824638914862
